FID,ZONE,ROW_,WEST_VALUE,CM_VALUE,EAST_VALUE
1,0,Y,NoZN,NoZN,NoZN
2,22,P, 54W, 51W, 48W
3,0,Z,NoZN,NoZN,NoZN
4,1,X,180W,177W,174W
5,2,X,174W,171W,168W
6,23,P, 48W, 45W, 42W
7,3,X,168W,165W,162W
8,24,P, 42W, 39W, 36W
9,4,X,162W,159W,156W
10,25,P, 36W, 33W, 30W
11,5,X,156W,153W,150W
12,26,P, 30W, 27W, 24W
13,6,X,150W,147W,144W
14,27,P, 24W, 21W, 18W
15,7,X,144W,141W,138W
16,28,P, 18W, 15W, 12W
17,8,X,138W,135W,132W
18,9,X,132W,129W,126W
19,29,P, 12W,  9W,  6W
20,10,X,126W,123W,120W
21,30,P,  6W,  3W,0E/W
22,11,X,120W,117W,114W
23,12,X,114W,111W,108W
24,31,P,0E/W,  3E,  6E
25,13,X,108W,105W,102W
26,32,P,  6E,  9E, 12E
27,14,X,102W, 99W, 96W
28,33,P, 12E, 15E, 18E
29,15,X, 96W, 93W, 90W
30,34,P, 18E, 21E, 24E
31,16,X, 90W, 87W, 84W
32,35,P, 24E, 27E, 30E
33,17,X, 84W, 81W, 78W
34,36,P, 30E, 33E, 36E
35,37,P, 36E, 39E, 42E
36,18,X, 78W, 75W, 72W
37,38,P, 42E, 45E, 48E
38,19,X, 72W, 69W, 66W
39,39,P, 48E, 51E, 54E
40,20,X, 66W, 63W, 60W
41,21,X, 60W, 57W, 54W
42,40,P, 54E, 57E, 60E
43,22,X, 54W, 51W, 48W
44,41,P, 60E, 63E, 66E
45,23,X, 48W, 45W, 42W
46,42,P, 66E, 69E, 72E
47,43,P, 72E, 75E, 78E
48,24,X, 42W, 39W, 36W
49,42,W, 66E, 69E, 72E
50,25,X, 36W, 33W, 30W
51,44,P, 78E, 81E, 84E
52,43,W, 72E, 75E, 78E
53,26,X, 30W, 27W, 24W
54,45,P, 84E, 87E, 90E
55,27,X, 24W, 21W, 18W
56,46,P, 90E, 93E, 96E
57,44,W, 78E, 81E, 84E
58,28,X, 18W, 15W, 12W
59,47,P, 96E, 99E,102E
60,45,W, 84E, 87E, 90E
61,29,X, 12W,  9W,  6W
62,48,P,102E,105E,108E
63,46,W, 90E, 93E, 96E
64,30,X,  6W,  3W,0E/W
65,47,W, 96E, 99E,102E
66,49,P,108E,111E,114E
67,48,W,102E,105E,108E
68,50,P,114E,117E,120E
69,31,X,0E/W,4.5E,9E
70,49,W,108E,111E,114E
71,51,P,120E,123E,126E
72,50,W,114E,117E,120E
73,33,X,9E, 15E,21E
74,52,P,126E,129E,132E
75,51,W,120E,123E,126E
76,53,P,132E,135E,138E
77,52,W,126E,129E,132E
78,35,X,21E, 27E,33E
79,54,P,138E,141E,144E
80,53,W,132E,135E,138E
81,37,X,33E,37.5E, 42E
82,38,X, 42E, 45E, 48E
83,55,P,144E,147E,150E
84,54,W,138E,141E,144E
85,39,X, 48E, 51E, 54E
86,40,X, 54E, 57E, 60E
87,55,W,144E,147E,150E
88,56,P,150E,153E,156E
89,41,X, 60E, 63E, 66E
90,57,P,156E,159E,162E
91,42,X, 66E, 69E, 72E
92,58,P,162E,165E,168E
93,56,W,150E,153E,156E
94,43,X, 72E, 75E, 78E
95,59,P,168E,171E,174E
96,57,W,156E,159E,162E
97,58,W,162E,165E,168E
98,60,P,174E,177E,180E
99,44,X, 78E, 81E, 84E
100,45,X, 84E, 87E, 90E
101,59,W,168E,171E,174E
102,1,N,180W,177W,174W
103,46,X, 90E, 93E, 96E
104,2,N,174W,171W,168W
105,60,W,174E,177E,180E
106,47,X, 96E, 99E,102E
107,3,N,168W,165W,162W
108,48,X,102E,105E,108E
109,4,N,162W,159W,156W
110,1,V,180W,177W,174W
111,49,X,108E,111E,114E
112,5,N,156W,153W,150W
113,50,X,114E,117E,120E
114,6,N,150W,147W,144W
115,2,V,174W,171W,168W
116,51,X,120E,123E,126E
117,7,N,144W,141W,138W
118,3,V,168W,165W,162W
119,52,X,126E,129E,132E
120,4,V,162W,159W,156W
121,53,X,132E,135E,138E
122,8,N,138W,135W,132W
123,9,N,132W,129W,126W
124,5,V,156W,153W,150W
125,54,X,138E,141E,144E
126,10,N,126W,123W,120W
127,6,V,150W,147W,144W
128,55,X,144E,147E,150E
129,11,N,120W,117W,114W
130,7,V,144W,141W,138W
131,56,X,150E,153E,156E
132,8,V,138W,135W,132W
133,12,N,114W,111W,108W
134,57,X,156E,159E,162E
135,13,N,108W,105W,102W
136,58,X,162E,165E,168E
137,14,N,102W, 99W, 96W
138,59,X,168E,171E,174E
139,15,N, 96W, 93W, 90W
140,60,X,174E,177E,180E
141,16,N, 90W, 87W, 84W
142,9,V,132W,129W,126W
143,1,W,180W,177W,174W
144,17,N, 84W, 81W, 78W
145,10,V,126W,123W,120W
146,2,W,174W,171W,168W
147,18,N, 78W, 75W, 72W
148,11,V,120W,117W,114W
149,3,W,168W,165W,162W
150,19,N, 72W, 69W, 66W
151,4,W,162W,159W,156W
152,12,V,114W,111W,108W
153,20,N, 66W, 63W, 60W
154,5,W,156W,153W,150W
155,13,V,108W,105W,102W
156,21,N, 60W, 57W, 54W
157,14,V,102W, 99W, 96W
158,6,W,150W,147W,144W
159,22,N, 54W, 51W, 48W
160,15,V, 96W, 93W, 90W
161,7,W,144W,141W,138W
162,23,N, 48W, 45W, 42W
163,8,W,138W,135W,132W
164,24,N, 42W, 39W, 36W
165,9,W,132W,129W,126W
166,25,N, 36W, 33W, 30W
167,16,V, 90W, 87W, 84W
168,10,W,126W,123W,120W
169,26,N, 30W, 27W, 24W
170,17,V, 84W, 81W, 78W
171,11,W,120W,117W,114W
172,27,N, 24W, 21W, 18W
173,12,W,114W,111W,108W
174,18,V, 78W, 75W, 72W
175,28,N, 18W, 15W, 12W
176,13,W,108W,105W,102W
177,19,V, 72W, 69W, 66W
178,29,N, 12W,  9W,  6W
179,14,W,102W, 99W, 96W
180,20,V, 66W, 63W, 60W
181,30,N,  6W,  3W,0E/W
182,15,W, 96W, 93W, 90W
183,21,V, 60W, 57W, 54W
184,31,N,0E/W,  3E,  6E
185,22,V, 54W, 51W, 48W
186,32,N,  6E,  9E, 12E
187,16,W, 90W, 87W, 84W
188,23,V, 48W, 45W, 42W
189,33,N, 12E, 15E, 18E
190,24,V, 42W, 39W, 36W
191,34,N, 18E, 21E, 24E
192,17,W, 84W, 81W, 78W
193,25,V, 36W, 33W, 30W
194,35,N, 24E, 27E, 30E
195,26,V, 30W, 27W, 24W
196,18,W, 78W, 75W, 72W
197,27,V, 24W, 21W, 18W
198,36,N, 30E, 33E, 36E
199,19,W, 72W, 69W, 66W
200,28,V, 18W, 15W, 12W
201,37,N, 36E, 39E, 42E
202,20,W, 66W, 63W, 60W
203,29,V, 12W,  9W,  6W
204,38,N, 42E, 45E, 48E
205,21,W, 60W, 57W, 54W
206,30,V,  6W,  3W,0E/W
207,39,N, 48E, 51E, 54E
208,22,W, 54W, 51W, 48W
209,31,V,0E/W,1.5E,3E
210,23,W, 48W, 45W, 42W
211,40,N, 54E, 57E, 60E
212,32,V,3E,7.5E, 12E
213,41,N, 60E, 63E, 66E
214,24,W, 42W, 39W, 36W
215,33,V, 12E, 15E, 18E
216,25,W, 36W, 33W, 30W
217,42,N, 66E, 69E, 72E
218,34,V, 18E, 21E, 24E
219,43,N, 72E, 75E, 78E
220,26,W, 30W, 27W, 24W
221,35,V, 24E, 27E, 30E
222,44,N, 78E, 81E, 84E
223,27,W, 24W, 21W, 18W
224,36,V, 30E, 33E, 36E
225,28,W, 18W, 15W, 12W
226,37,V, 36E, 39E, 42E
227,45,N, 84E, 87E, 90E
228,38,V, 42E, 45E, 48E
229,46,N, 90E, 93E, 96E
230,29,W, 12W,  9W,  6W
231,39,V, 48E, 51E, 54E
232,47,N, 96E, 99E,102E
233,30,W,  6W,  3W,0E/W
234,40,V, 54E, 57E, 60E
235,48,N,102E,105E,108E
236,31,W,0E/W,  3E,  6E
237,41,V, 60E, 63E, 66E
238,49,N,108E,111E,114E
239,32,W,  6E,  9E, 12E
240,42,V, 66E, 69E, 72E
241,50,N,114E,117E,120E
242,43,V, 72E, 75E, 78E
243,33,W, 12E, 15E, 18E
244,44,V, 78E, 81E, 84E
245,51,N,120E,123E,126E
246,34,W, 18E, 21E, 24E
247,45,V, 84E, 87E, 90E
248,52,N,126E,129E,132E
249,35,W, 24E, 27E, 30E
250,46,V, 90E, 93E, 96E
251,53,N,132E,135E,138E
252,47,V, 96E, 99E,102E
253,36,W, 30E, 33E, 36E
254,48,V,102E,105E,108E
255,54,N,138E,141E,144E
256,37,W, 36E, 39E, 42E
257,49,V,108E,111E,114E
258,55,N,144E,147E,150E
259,38,W, 42E, 45E, 48E
260,50,V,114E,117E,120E
261,51,V,120E,123E,126E
262,56,N,150E,153E,156E
263,39,W, 48E, 51E, 54E
264,52,V,126E,129E,132E
265,57,N,156E,159E,162E
266,40,W, 54E, 57E, 60E
267,53,V,132E,135E,138E
268,54,V,138E,141E,144E
269,58,N,162E,165E,168E
270,41,W, 60E, 63E, 66E
271,2,M,174W,171W,168W
272,59,N,168E,171E,174E
273,3,M,168W,165W,162W
274,55,V,144E,147E,150E
275,60,N,174E,177E,180E
276,4,M,162W,159W,156W
277,56,V,150E,153E,156E
278,22,U, 54W, 51W, 48W
279,1,M,180W,177W,174W
280,5,M,156W,153W,150W
281,57,V,156E,159E,162E
282,23,U, 48W, 45W, 42W
283,58,V,162E,165E,168E
284,42,L, 66E, 69E, 72E
285,24,U, 42W, 39W, 36W
286,59,V,168E,171E,174E
287,43,L, 72E, 75E, 78E
288,60,V,174E,177E,180E
289,25,U, 36W, 33W, 30W
290,44,L, 78E, 81E, 84E
291,6,M,150W,147W,144W
292,1,U,180W,177W,174W
293,26,U, 30W, 27W, 24W
294,45,L, 84E, 87E, 90E
295,7,M,144W,141W,138W
296,2,U,174W,171W,168W
297,46,L, 90E, 93E, 96E
298,27,U, 24W, 21W, 18W
299,8,M,138W,135W,132W
300,3,U,168W,165W,162W
301,9,M,132W,129W,126W
302,47,L, 96E, 99E,102E
303,28,U, 18W, 15W, 12W
304,4,U,162W,159W,156W
305,10,M,126W,123W,120W
306,5,U,156W,153W,150W
307,48,L,102E,105E,108E
308,29,U, 12W,  9W,  6W
309,11,M,120W,117W,114W
310,6,U,150W,147W,144W
311,49,L,108E,111E,114E
312,30,U,  6W,  3W,0E/W
313,12,M,114W,111W,108W
314,7,U,144W,141W,138W
315,50,L,114E,117E,120E
316,13,M,108W,105W,102W
317,31,U,0E/W,  3E,  6E
318,8,U,138W,135W,132W
319,14,M,102W, 99W, 96W
320,32,U,  6E,  9E, 12E
321,9,U,132W,129W,126W
322,51,L,120E,123E,126E
323,15,M, 96W, 93W, 90W
324,10,U,126W,123W,120W
325,33,U, 12E, 15E, 18E
326,52,L,126E,129E,132E
327,16,M, 90W, 87W, 84W
328,11,U,120W,117W,114W
329,34,U, 18E, 21E, 24E
330,53,L,132E,135E,138E
331,17,M, 84W, 81W, 78W
332,12,U,114W,111W,108W
333,35,U, 24E, 27E, 30E
334,54,L,138E,141E,144E
335,13,U,108W,105W,102W
336,36,U, 30E, 33E, 36E
337,55,L,144E,147E,150E
338,18,M, 78W, 75W, 72W
339,37,U, 36E, 39E, 42E
340,56,L,150E,153E,156E
341,14,U,102W, 99W, 96W
342,19,M, 72W, 69W, 66W
343,57,L,156E,159E,162E
344,38,U, 42E, 45E, 48E
345,39,U, 48E, 51E, 54E
346,20,M, 66W, 63W, 60W
347,15,U, 96W, 93W, 90W
348,58,L,162E,165E,168E
349,40,U, 54E, 57E, 60E
350,59,L,168E,171E,174E
351,16,U, 90W, 87W, 84W
352,21,M, 60W, 57W, 54W
353,60,L,174E,177E,180E
354,22,M, 54W, 51W, 48W
355,41,U, 60E, 63E, 66E
356,17,U, 84W, 81W, 78W
357,42,U, 66E, 69E, 72E
358,1,K,180W,177W,174W
359,18,U, 78W, 75W, 72W
360,23,M, 48W, 45W, 42W
361,43,U, 72E, 75E, 78E
362,2,K,174W,171W,168W
363,24,M, 42W, 39W, 36W
364,19,U, 72W, 69W, 66W
365,44,U, 78E, 81E, 84E
366,3,K,168W,165W,162W
367,4,K,162W,159W,156W
368,45,U, 84E, 87E, 90E
369,20,U, 66W, 63W, 60W
370,25,M, 36W, 33W, 30W
371,46,U, 90E, 93E, 96E
372,5,K,156W,153W,150W
373,26,M, 30W, 27W, 24W
374,21,U, 60W, 57W, 54W
375,27,M, 24W, 21W, 18W
376,47,U, 96E, 99E,102E
377,6,K,150W,147W,144W
378,42,R, 66E, 69E, 72E
379,48,U,102E,105E,108E
380,7,K,144W,141W,138W
381,43,R, 72E, 75E, 78E
382,28,M, 18W, 15W, 12W
383,44,R, 78E, 81E, 84E
384,49,U,108E,111E,114E
385,8,K,138W,135W,132W
386,29,M, 12W,  9W,  6W
387,45,R, 84E, 87E, 90E
388,50,U,114E,117E,120E
389,9,K,132W,129W,126W
390,30,M,  6W,  3W,0E/W
391,51,U,120E,123E,126E
392,46,R, 90E, 93E, 96E
393,10,K,126W,123W,120W
394,31,M,0E/W,  3E,  6E
395,47,R, 96E, 99E,102E
396,52,U,126E,129E,132E
397,11,K,120W,117W,114W
398,32,M,  6E,  9E, 12E
399,48,R,102E,105E,108E
400,53,U,132E,135E,138E
401,12,K,114W,111W,108W
402,33,M, 12E, 15E, 18E
403,54,U,138E,141E,144E
404,13,K,108W,105W,102W
405,49,R,108E,111E,114E
406,34,M, 18E, 21E, 24E
407,55,U,144E,147E,150E
408,50,R,114E,117E,120E
409,56,U,150E,153E,156E
410,35,M, 24E, 27E, 30E
411,14,K,102W, 99W, 96W
412,51,R,120E,123E,126E
413,36,M, 30E, 33E, 36E
414,15,K, 96W, 93W, 90W
415,52,R,126E,129E,132E
416,57,U,156E,159E,162E
417,16,K, 90W, 87W, 84W
418,37,M, 36E, 39E, 42E
419,53,R,132E,135E,138E
420,58,U,162E,165E,168E
421,17,K, 84W, 81W, 78W
422,38,M, 42E, 45E, 48E
423,59,U,168E,171E,174E
424,54,R,138E,141E,144E
425,39,M, 48E, 51E, 54E
426,18,K, 78W, 75W, 72W
427,60,U,174E,177E,180E
428,55,R,144E,147E,150E
429,1,T,180W,177W,174W
430,19,K, 72W, 69W, 66W
431,40,M, 54E, 57E, 60E
432,2,T,174W,171W,168W
433,20,K, 66W, 63W, 60W
434,3,T,168W,165W,162W
435,41,M, 60E, 63E, 66E
436,56,R,150E,153E,156E
437,4,T,162W,159W,156W
438,57,R,156E,159E,162E
439,42,M, 66E, 69E, 72E
440,21,K, 60W, 57W, 54W
441,58,R,162E,165E,168E
442,43,M, 72E, 75E, 78E
443,22,K, 54W, 51W, 48W
444,59,R,168E,171E,174E
445,23,K, 48W, 45W, 42W
446,44,M, 78E, 81E, 84E
447,24,K, 42W, 39W, 36W
448,45,M, 84E, 87E, 90E
449,60,R,174E,177E,180E
450,25,K, 36W, 33W, 30W
451,46,M, 90E, 93E, 96E
452,1,Q,180W,177W,174W
453,2,Q,174W,171W,168W
454,26,K, 30W, 27W, 24W
455,47,M, 96E, 99E,102E
456,3,Q,168W,165W,162W
457,27,K, 24W, 21W, 18W
458,48,M,102E,105E,108E
459,4,Q,162W,159W,156W
460,5,Q,156W,153W,150W
461,28,K, 18W, 15W, 12W
462,49,M,108E,111E,114E
463,29,K, 12W,  9W,  6W
464,6,Q,150W,147W,144W
465,50,M,114E,117E,120E
466,5,T,156W,153W,150W
467,30,K,  6W,  3W,0E/W
468,6,T,150W,147W,144W
469,7,Q,144W,141W,138W
470,51,M,120E,123E,126E
471,31,K,0E/W,  3E,  6E
472,8,Q,138W,135W,132W
473,7,T,144W,141W,138W
474,52,M,126E,129E,132E
475,9,Q,132W,129W,126W
476,32,K,  6E,  9E, 12E
477,8,T,138W,135W,132W
478,53,M,132E,135E,138E
479,10,Q,126W,123W,120W
480,33,K, 12E, 15E, 18E
481,9,T,132W,129W,126W
482,54,M,138E,141E,144E
483,11,Q,120W,117W,114W
484,12,Q,114W,111W,108W
485,34,K, 18E, 21E, 24E
486,10,T,126W,123W,120W
487,55,M,144E,147E,150E
488,13,Q,108W,105W,102W
489,35,K, 24E, 27E, 30E
490,11,T,120W,117W,114W
491,56,M,150E,153E,156E
492,36,K, 30E, 33E, 36E
493,14,Q,102W, 99W, 96W
494,12,T,114W,111W,108W
495,57,M,156E,159E,162E
496,37,K, 36E, 39E, 42E
497,15,Q, 96W, 93W, 90W
498,13,T,108W,105W,102W
499,58,M,162E,165E,168E
500,38,K, 42E, 45E, 48E
501,16,Q, 90W, 87W, 84W
502,14,T,102W, 99W, 96W
503,59,M,168E,171E,174E
504,17,Q, 84W, 81W, 78W
505,39,K, 48E, 51E, 54E
506,15,T, 96W, 93W, 90W
507,60,M,174E,177E,180E
508,18,Q, 78W, 75W, 72W
509,40,K, 54E, 57E, 60E
510,16,T, 90W, 87W, 84W
511,1,L,180W,177W,174W
512,19,Q, 72W, 69W, 66W
513,41,K, 60E, 63E, 66E
514,42,K, 66E, 69E, 72E
515,17,T, 84W, 81W, 78W
516,2,L,174W,171W,168W
517,43,K, 72E, 75E, 78E
518,20,Q, 66W, 63W, 60W
519,44,K, 78E, 81E, 84E
520,18,T, 78W, 75W, 72W
521,3,L,168W,165W,162W
522,45,K, 84E, 87E, 90E
523,19,T, 72W, 69W, 66W
524,4,L,162W,159W,156W
525,46,K, 90E, 93E, 96E
526,21,Q, 60W, 57W, 54W
527,20,T, 66W, 63W, 60W
528,5,L,156W,153W,150W
529,22,Q, 54W, 51W, 48W
530,47,K, 96E, 99E,102E
531,21,T, 60W, 57W, 54W
532,6,L,150W,147W,144W
533,23,Q, 48W, 45W, 42W
534,48,K,102E,105E,108E
535,49,K,108E,111E,114E
536,22,T, 54W, 51W, 48W
537,7,L,144W,141W,138W
538,24,Q, 42W, 39W, 36W
539,50,K,114E,117E,120E
540,2,G,174W,171W,168W
541,8,L,138W,135W,132W
542,51,K,120E,123E,126E
543,23,T, 48W, 45W, 42W
544,3,G,168W,165W,162W
545,9,L,132W,129W,126W
546,25,Q, 36W, 33W, 30W
547,52,K,126E,129E,132E
548,10,L,126W,123W,120W
549,24,T, 42W, 39W, 36W
550,26,Q, 30W, 27W, 24W
551,4,G,162W,159W,156W
552,53,K,132E,135E,138E
553,11,L,120W,117W,114W
554,25,T, 36W, 33W, 30W
555,12,L,114W,111W,108W
556,54,K,138E,141E,144E
557,26,T, 30W, 27W, 24W
558,5,G,156W,153W,150W
559,27,Q, 24W, 21W, 18W
560,27,T, 24W, 21W, 18W
561,13,L,108W,105W,102W
562,55,K,144E,147E,150E
563,6,G,150W,147W,144W
564,28,Q, 18W, 15W, 12W
565,29,Q, 12W,  9W,  6W
566,28,T, 18W, 15W, 12W
567,14,L,102W, 99W, 96W
568,7,G,144W,141W,138W
569,56,K,150E,153E,156E
570,15,L, 96W, 93W, 90W
571,30,Q,  6W,  3W,0E/W
572,29,T, 12W,  9W,  6W
573,57,K,156E,159E,162E
574,16,L, 90W, 87W, 84W
575,30,T,  6W,  3W,0E/W
576,8,G,138W,135W,132W
577,31,Q,0E/W,  3E,  6E
578,17,L, 84W, 81W, 78W
579,31,T,0E/W,  3E,  6E
580,58,K,162E,165E,168E
581,9,G,132W,129W,126W
582,10,G,126W,123W,120W
583,59,K,168E,171E,174E
584,32,T,  6E,  9E, 12E
585,18,L, 78W, 75W, 72W
586,32,Q,  6E,  9E, 12E
587,60,K,174E,177E,180E
588,11,G,120W,117W,114W
589,33,Q, 12E, 15E, 18E
590,19,L, 72W, 69W, 66W
591,33,T, 12E, 15E, 18E
592,34,Q, 18E, 21E, 24E
593,1,J,180W,177W,174W
594,12,G,114W,111W,108W
595,20,L, 66W, 63W, 60W
596,34,T, 18E, 21E, 24E
597,35,Q, 24E, 27E, 30E
598,2,J,174W,171W,168W
599,13,G,108W,105W,102W
600,36,Q, 30E, 33E, 36E
601,21,L, 60W, 57W, 54W
602,35,T, 24E, 27E, 30E
603,36,T, 30E, 33E, 36E
604,14,G,102W, 99W, 96W
605,37,Q, 36E, 39E, 42E
606,3,J,168W,165W,162W
607,22,L, 54W, 51W, 48W
608,37,T, 36E, 39E, 42E
609,4,J,162W,159W,156W
610,15,G, 96W, 93W, 90W
611,38,Q, 42E, 45E, 48E
612,38,T, 42E, 45E, 48E
613,39,Q, 48E, 51E, 54E
614,5,J,156W,153W,150W
615,16,G, 90W, 87W, 84W
616,39,T, 48E, 51E, 54E
617,23,L, 48W, 45W, 42W
618,40,Q, 54E, 57E, 60E
619,24,L, 42W, 39W, 36W
620,40,T, 54E, 57E, 60E
621,17,G, 84W, 81W, 78W
622,6,J,150W,147W,144W
623,41,Q, 60E, 63E, 66E
624,25,L, 36W, 33W, 30W
625,41,T, 60E, 63E, 66E
626,7,J,144W,141W,138W
627,18,G, 78W, 75W, 72W
628,42,Q, 66E, 69E, 72E
629,26,L, 30W, 27W, 24W
630,8,J,138W,135W,132W
631,19,G, 72W, 69W, 66W
632,27,L, 24W, 21W, 18W
633,43,Q, 72E, 75E, 78E
634,42,T, 66E, 69E, 72E
635,9,J,132W,129W,126W
636,20,G, 66W, 63W, 60W
637,28,L, 18W, 15W, 12W
638,44,Q, 78E, 81E, 84E
639,43,T, 72E, 75E, 78E
640,21,G, 60W, 57W, 54W
641,10,J,126W,123W,120W
642,29,L, 12W,  9W,  6W
643,45,Q, 84E, 87E, 90E
644,44,T, 78E, 81E, 84E
645,11,J,120W,117W,114W
646,22,G, 54W, 51W, 48W
647,46,Q, 90E, 93E, 96E
648,45,T, 84E, 87E, 90E
649,12,J,114W,111W,108W
650,47,Q, 96E, 99E,102E
651,46,T, 90E, 93E, 96E
652,13,J,108W,105W,102W
653,23,G, 48W, 45W, 42W
654,48,Q,102E,105E,108E
655,30,L,  6W,  3W,0E/W
656,24,G, 42W, 39W, 36W
657,14,J,102W, 99W, 96W
658,47,T, 96E, 99E,102E
659,49,Q,108E,111E,114E
660,31,L,0E/W,  3E,  6E
661,25,G, 36W, 33W, 30W
662,50,Q,114E,117E,120E
663,32,L,  6E,  9E, 12E
664,15,J, 96W, 93W, 90W
665,48,T,102E,105E,108E
666,26,G, 30W, 27W, 24W
667,51,Q,120E,123E,126E
668,33,L, 12E, 15E, 18E
669,27,G, 24W, 21W, 18W
670,16,J, 90W, 87W, 84W
671,49,T,108E,111E,114E
672,52,Q,126E,129E,132E
673,34,L, 18E, 21E, 24E
674,53,Q,132E,135E,138E
675,17,J, 84W, 81W, 78W
676,50,T,114E,117E,120E
677,28,G, 18W, 15W, 12W
678,54,Q,138E,141E,144E
679,18,J, 78W, 75W, 72W
680,51,T,120E,123E,126E
681,55,Q,144E,147E,150E
682,19,J, 72W, 69W, 66W
683,52,T,126E,129E,132E
684,29,G, 12W,  9W,  6W
685,35,L, 24E, 27E, 30E
686,56,Q,150E,153E,156E
687,30,G,  6W,  3W,0E/W
688,36,L, 30E, 33E, 36E
689,20,J, 66W, 63W, 60W
690,53,T,132E,135E,138E
691,57,Q,156E,159E,162E
692,31,G,0E/W,  3E,  6E
693,37,L, 36E, 39E, 42E
694,21,J, 60W, 57W, 54W
695,54,T,138E,141E,144E
696,32,G,  6E,  9E, 12E
697,58,Q,162E,165E,168E
698,38,L, 42E, 45E, 48E
699,59,Q,168E,171E,174E
700,39,L, 48E, 51E, 54E
701,33,G, 12E, 15E, 18E
702,55,T,144E,147E,150E
703,22,J, 54W, 51W, 48W
704,60,Q,174E,177E,180E
705,40,L, 54E, 57E, 60E
706,1,P,180W,177W,174W
707,23,J, 48W, 45W, 42W
708,41,L, 60E, 63E, 66E
709,56,T,150E,153E,156E
710,34,G, 18E, 21E, 24E
711,2,P,174W,171W,168W
712,57,T,156E,159E,162E
713,24,J, 42W, 39W, 36W
714,35,G, 24E, 27E, 30E
715,25,J, 36W, 33W, 30W
716,3,P,168W,165W,162W
717,58,T,162E,165E,168E
718,36,G, 30E, 33E, 36E
719,26,J, 30W, 27W, 24W
720,37,G, 36E, 39E, 42E
721,27,J, 24W, 21W, 18W
722,59,T,168E,171E,174E
723,4,P,162W,159W,156W
724,38,G, 42E, 45E, 48E
725,28,J, 18W, 15W, 12W
726,5,P,156W,153W,150W
727,60,T,174E,177E,180E
728,39,G, 48E, 51E, 54E
729,29,J, 12W,  9W,  6W
730,6,P,150W,147W,144W
731,1,S,180W,177W,174W
732,30,J,  6W,  3W,0E/W
733,7,P,144W,141W,138W
734,40,G, 54E, 57E, 60E
735,31,J,0E/W,  3E,  6E
736,2,S,174W,171W,168W
737,8,P,138W,135W,132W
738,32,J,  6E,  9E, 12E
739,3,S,168W,165W,162W
740,41,G, 60E, 63E, 66E
741,9,P,132W,129W,126W
742,33,J, 12E, 15E, 18E
743,4,S,162W,159W,156W
744,42,G, 66E, 69E, 72E
745,34,J, 18E, 21E, 24E
746,10,P,126W,123W,120W
747,43,G, 72E, 75E, 78E
748,5,S,156W,153W,150W
749,35,J, 24E, 27E, 30E
750,44,G, 78E, 81E, 84E
751,11,P,120W,117W,114W
752,6,S,150W,147W,144W
753,36,J, 30E, 33E, 36E
754,45,G, 84E, 87E, 90E
755,37,J, 36E, 39E, 42E
756,12,P,114W,111W,108W
757,7,S,144W,141W,138W
758,46,G, 90E, 93E, 96E
759,38,J, 42E, 45E, 48E
760,13,P,108W,105W,102W
761,8,S,138W,135W,132W
762,47,G, 96E, 99E,102E
763,39,J, 48E, 51E, 54E
764,40,J, 54E, 57E, 60E
765,48,G,102E,105E,108E
766,41,J, 60E, 63E, 66E
767,42,J, 66E, 69E, 72E
768,49,G,108E,111E,114E
769,9,S,132W,129W,126W
770,14,P,102W, 99W, 96W
771,43,J, 72E, 75E, 78E
772,50,G,114E,117E,120E
773,44,J, 78E, 81E, 84E
774,51,G,120E,123E,126E
775,52,G,126E,129E,132E
776,53,G,132E,135E,138E
777,45,J, 84E, 87E, 90E
778,54,G,138E,141E,144E
779,46,J, 90E, 93E, 96E
780,55,G,144E,147E,150E
781,47,J, 96E, 99E,102E
782,56,G,150E,153E,156E
783,48,J,102E,105E,108E
784,57,G,156E,159E,162E
785,49,J,108E,111E,114E
786,58,G,162E,165E,168E
787,59,G,168E,171E,174E
788,60,G,174E,177E,180E
789,15,P, 96W, 93W, 90W
790,1,F,180W,177W,174W
791,10,S,126W,123W,120W
792,2,F,174W,171W,168W
793,16,P, 90W, 87W, 84W
794,3,F,168W,165W,162W
795,11,S,120W,117W,114W
796,50,J,114E,117E,120E
797,4,F,162W,159W,156W
798,12,S,114W,111W,108W
799,13,S,108W,105W,102W
800,5,F,156W,153W,150W
801,14,S,102W, 99W, 96W
802,6,F,150W,147W,144W
803,15,S, 96W, 93W, 90W
804,17,P, 84W, 81W, 78W
805,7,F,144W,141W,138W
806,16,S, 90W, 87W, 84W
807,18,P, 78W, 75W, 72W
808,8,F,138W,135W,132W
809,17,S, 84W, 81W, 78W
810,19,P, 72W, 69W, 66W
811,9,F,132W,129W,126W
812,18,S, 78W, 75W, 72W
813,10,F,126W,123W,120W
814,19,S, 72W, 69W, 66W
815,20,P, 66W, 63W, 60W
816,20,S, 66W, 63W, 60W
817,11,F,120W,117W,114W
818,12,F,114W,111W,108W
819,21,P, 60W, 57W, 54W
820,13,F,108W,105W,102W
821,14,F,102W, 99W, 96W
822,21,S, 60W, 57W, 54W
823,22,S, 54W, 51W, 48W
824,15,F, 96W, 93W, 90W
825,23,S, 48W, 45W, 42W
826,16,F, 90W, 87W, 84W
827,24,S, 42W, 39W, 36W
828,17,F, 84W, 81W, 78W
829,25,S, 36W, 33W, 30W
830,18,F, 78W, 75W, 72W
831,26,S, 30W, 27W, 24W
832,19,F, 72W, 69W, 66W
833,27,S, 24W, 21W, 18W
834,20,F, 66W, 63W, 60W
835,51,J,120E,123E,126E
836,28,S, 18W, 15W, 12W
837,21,F, 60W, 57W, 54W
838,22,F, 54W, 51W, 48W
839,23,F, 48W, 45W, 42W
840,24,F, 42W, 39W, 36W
841,29,S, 12W,  9W,  6W
842,25,F, 36W, 33W, 30W
843,30,S,  6W,  3W,0E/W
844,26,F, 30W, 27W, 24W
845,31,S,0E/W,  3E,  6E
846,32,S,  6E,  9E, 12E
847,27,F, 24W, 21W, 18W
848,33,S, 12E, 15E, 18E
849,28,F, 18W, 15W, 12W
850,52,J,126E,129E,132E
851,34,S, 18E, 21E, 24E
852,29,F, 12W,  9W,  6W
853,53,J,132E,135E,138E
854,35,S, 24E, 27E, 30E
855,30,F,  6W,  3W,0E/W
856,54,J,138E,141E,144E
857,31,F,0E/W,  3E,  6E
858,36,S, 30E, 33E, 36E
859,32,F,  6E,  9E, 12E
860,33,F, 12E, 15E, 18E
861,34,F, 18E, 21E, 24E
862,37,S, 36E, 39E, 42E
863,35,F, 24E, 27E, 30E
864,38,S, 42E, 45E, 48E
865,39,S, 48E, 51E, 54E
866,36,F, 30E, 33E, 36E
867,40,S, 54E, 57E, 60E
868,37,F, 36E, 39E, 42E
869,41,S, 60E, 63E, 66E
870,38,F, 42E, 45E, 48E
871,55,J,144E,147E,150E
872,42,S, 66E, 69E, 72E
873,39,F, 48E, 51E, 54E
874,56,J,150E,153E,156E
875,43,S, 72E, 75E, 78E
876,40,F, 54E, 57E, 60E
877,57,J,156E,159E,162E
878,44,S, 78E, 81E, 84E
879,41,F, 60E, 63E, 66E
880,45,S, 84E, 87E, 90E
881,58,J,162E,165E,168E
882,46,S, 90E, 93E, 96E
883,59,J,168E,171E,174E
884,47,S, 96E, 99E,102E
885,60,J,174E,177E,180E
886,48,S,102E,105E,108E
887,49,S,108E,111E,114E
888,1,H,180W,177W,174W
889,50,S,114E,117E,120E
890,2,H,174W,171W,168W
891,51,S,120E,123E,126E
892,3,H,168W,165W,162W
893,52,S,126E,129E,132E
894,4,H,162W,159W,156W
895,53,S,132E,135E,138E
896,5,H,156W,153W,150W
897,54,S,138E,141E,144E
898,55,S,144E,147E,150E
899,6,H,150W,147W,144W
900,56,S,150E,153E,156E
901,57,S,156E,159E,162E
902,7,H,144W,141W,138W
903,58,S,162E,165E,168E
904,8,H,138W,135W,132W
905,59,S,168E,171E,174E
906,9,H,132W,129W,126W
907,60,S,174E,177E,180E
908,10,H,126W,123W,120W
909,1,R,180W,177W,174W
910,11,H,120W,117W,114W
911,2,R,174W,171W,168W
912,12,H,114W,111W,108W
913,3,R,168W,165W,162W
914,13,H,108W,105W,102W
915,4,R,162W,159W,156W
916,14,H,102W, 99W, 96W
917,5,R,156W,153W,150W
918,15,H, 96W, 93W, 90W
919,6,R,150W,147W,144W
920,16,H, 90W, 87W, 84W
921,17,H, 84W, 81W, 78W
922,7,R,144W,141W,138W
923,18,H, 78W, 75W, 72W
924,8,R,138W,135W,132W
925,19,H, 72W, 69W, 66W
926,9,R,132W,129W,126W
927,20,H, 66W, 63W, 60W
928,10,R,126W,123W,120W
929,21,H, 60W, 57W, 54W
930,22,H, 54W, 51W, 48W
931,11,R,120W,117W,114W
932,23,H, 48W, 45W, 42W
933,12,R,114W,111W,108W
934,24,H, 42W, 39W, 36W
935,13,R,108W,105W,102W
936,14,R,102W, 99W, 96W
937,25,H, 36W, 33W, 30W
938,26,H, 30W, 27W, 24W
939,15,R, 96W, 93W, 90W
940,27,H, 24W, 21W, 18W
941,16,R, 90W, 87W, 84W
942,28,H, 18W, 15W, 12W
943,17,R, 84W, 81W, 78W
944,18,R, 78W, 75W, 72W
945,29,H, 12W,  9W,  6W
946,19,R, 72W, 69W, 66W
947,30,H,  6W,  3W,0E/W
948,31,H,0E/W,  3E,  6E
949,20,R, 66W, 63W, 60W
950,32,H,  6E,  9E, 12E
951,21,R, 60W, 57W, 54W
952,22,R, 54W, 51W, 48W
953,23,R, 48W, 45W, 42W
954,33,H, 12E, 15E, 18E
955,34,H, 18E, 21E, 24E
956,24,R, 42W, 39W, 36W
957,35,H, 24E, 27E, 30E
958,25,R, 36W, 33W, 30W
959,36,H, 30E, 33E, 36E
960,37,H, 36E, 39E, 42E
961,26,R, 30W, 27W, 24W
962,38,H, 42E, 45E, 48E
963,27,R, 24W, 21W, 18W
964,39,H, 48E, 51E, 54E
965,28,R, 18W, 15W, 12W
966,40,H, 54E, 57E, 60E
967,29,R, 12W,  9W,  6W
968,41,H, 60E, 63E, 66E
969,30,R,  6W,  3W,0E/W
970,42,H, 66E, 69E, 72E
971,31,R,0E/W,  3E,  6E
972,43,H, 72E, 75E, 78E
973,32,R,  6E,  9E, 12E
974,44,H, 78E, 81E, 84E
975,33,R, 12E, 15E, 18E
976,45,H, 84E, 87E, 90E
977,34,R, 18E, 21E, 24E
978,46,H, 90E, 93E, 96E
979,47,H, 96E, 99E,102E
980,35,R, 24E, 27E, 30E
981,48,H,102E,105E,108E
982,49,H,108E,111E,114E
983,50,H,114E,117E,120E
984,36,R, 30E, 33E, 36E
985,51,H,120E,123E,126E
986,37,R, 36E, 39E, 42E
987,38,R, 42E, 45E, 48E
988,52,H,126E,129E,132E
989,53,H,132E,135E,138E
990,39,R, 48E, 51E, 54E
991,54,H,138E,141E,144E
992,40,R, 54E, 57E, 60E
993,55,H,144E,147E,150E
994,56,H,150E,153E,156E
995,41,R, 60E, 63E, 66E
996,57,H,156E,159E,162E
997,58,H,162E,165E,168E
998,59,H,168E,171E,174E
999,60,H,174E,177E,180E
1000,1,G,180W,177W,174W
1001,42,F, 66E, 69E, 72E
1002,23,D, 48W, 45W, 42W
1003,43,F, 72E, 75E, 78E
1004,44,F, 78E, 81E, 84E
1005,24,D, 42W, 39W, 36W
1006,45,F, 84E, 87E, 90E
1007,46,F, 90E, 93E, 96E
1008,25,D, 36W, 33W, 30W
1009,47,F, 96E, 99E,102E
1010,26,D, 30W, 27W, 24W
1011,48,F,102E,105E,108E
1012,27,D, 24W, 21W, 18W
1013,49,F,108E,111E,114E
1014,28,D, 18W, 15W, 12W
1015,50,F,114E,117E,120E
1016,51,F,120E,123E,126E
1017,29,D, 12W,  9W,  6W
1018,52,F,126E,129E,132E
1019,53,F,132E,135E,138E
1020,30,D,  6W,  3W,0E/W
1021,54,F,138E,141E,144E
1022,31,D,0E/W,  3E,  6E
1023,55,F,144E,147E,150E
1024,32,D,  6E,  9E, 12E
1025,56,F,150E,153E,156E
1026,33,D, 12E, 15E, 18E
1027,57,F,156E,159E,162E
1028,34,D, 18E, 21E, 24E
1029,58,F,162E,165E,168E
1030,59,F,168E,171E,174E
1031,60,F,174E,177E,180E
1032,35,D, 24E, 27E, 30E
1033,1,E,180W,177W,174W
1034,36,D, 30E, 33E, 36E
1035,2,E,174W,171W,168W
1036,37,D, 36E, 39E, 42E
1037,3,E,168W,165W,162W
1038,38,D, 42E, 45E, 48E
1039,4,E,162W,159W,156W
1040,39,D, 48E, 51E, 54E
1041,5,E,156W,153W,150W
1042,6,E,150W,147W,144W
1043,7,E,144W,141W,138W
1044,40,D, 54E, 57E, 60E
1045,8,E,138W,135W,132W
1046,9,E,132W,129W,126W
1047,10,E,126W,123W,120W
1048,41,D, 60E, 63E, 66E
1049,11,E,120W,117W,114W
1050,12,E,114W,111W,108W
1051,42,D, 66E, 69E, 72E
1052,13,E,108W,105W,102W
1053,14,E,102W, 99W, 96W
1054,43,D, 72E, 75E, 78E
1055,15,E, 96W, 93W, 90W
1056,44,D, 78E, 81E, 84E
1057,16,E, 90W, 87W, 84W
1058,17,E, 84W, 81W, 78W
1059,45,D, 84E, 87E, 90E
1060,46,D, 90E, 93E, 96E
1061,47,D, 96E, 99E,102E
1062,18,E, 78W, 75W, 72W
1063,48,D,102E,105E,108E
1064,19,E, 72W, 69W, 66W
1065,20,E, 66W, 63W, 60W
1066,49,D,108E,111E,114E
1067,50,D,114E,117E,120E
1068,21,E, 60W, 57W, 54W
1069,51,D,120E,123E,126E
1070,52,D,126E,129E,132E
1071,22,E, 54W, 51W, 48W
1072,53,D,132E,135E,138E
1073,23,E, 48W, 45W, 42W
1074,54,D,138E,141E,144E
1075,24,E, 42W, 39W, 36W
1076,55,D,144E,147E,150E
1077,25,E, 36W, 33W, 30W
1078,56,D,150E,153E,156E
1079,57,D,156E,159E,162E
1080,26,E, 30W, 27W, 24W
1081,58,D,162E,165E,168E
1082,59,D,168E,171E,174E
1083,27,E, 24W, 21W, 18W
1084,60,D,174E,177E,180E
1085,28,E, 18W, 15W, 12W
1086,1,C,180W,177W,174W
1087,29,E, 12W,  9W,  6W
1088,2,C,174W,171W,168W
1089,30,E,  6W,  3W,0E/W
1090,3,C,168W,165W,162W
1091,31,E,0E/W,  3E,  6E
1092,4,C,162W,159W,156W
1093,5,C,156W,153W,150W
1094,32,E,  6E,  9E, 12E
1095,6,C,150W,147W,144W
1096,33,E, 12E, 15E, 18E
1097,7,C,144W,141W,138W
1098,34,E, 18E, 21E, 24E
1099,8,C,138W,135W,132W
1100,35,E, 24E, 27E, 30E
1101,9,C,132W,129W,126W
1102,36,E, 30E, 33E, 36E
1103,10,C,126W,123W,120W
1104,37,E, 36E, 39E, 42E
1105,11,C,120W,117W,114W
1106,12,C,114W,111W,108W
1107,38,E, 42E, 45E, 48E
1108,13,C,108W,105W,102W
1109,14,C,102W, 99W, 96W
1110,39,E, 48E, 51E, 54E
1111,15,C, 96W, 93W, 90W
1112,40,E, 54E, 57E, 60E
1113,16,C, 90W, 87W, 84W
1114,41,E, 60E, 63E, 66E
1115,17,C, 84W, 81W, 78W
1116,42,E, 66E, 69E, 72E
1117,18,C, 78W, 75W, 72W
1118,19,C, 72W, 69W, 66W
1119,20,C, 66W, 63W, 60W
1120,43,E, 72E, 75E, 78E
1121,21,C, 60W, 57W, 54W
1122,22,C, 54W, 51W, 48W
1123,44,E, 78E, 81E, 84E
1124,23,C, 48W, 45W, 42W
1125,45,E, 84E, 87E, 90E
1126,24,C, 42W, 39W, 36W
1127,46,E, 90E, 93E, 96E
1128,25,C, 36W, 33W, 30W
1129,47,E, 96E, 99E,102E
1130,26,C, 30W, 27W, 24W
1131,48,E,102E,105E,108E
1132,27,C, 24W, 21W, 18W
1133,49,E,108E,111E,114E
1134,50,E,114E,117E,120E
1135,28,C, 18W, 15W, 12W
1136,51,E,120E,123E,126E
1137,29,C, 12W,  9W,  6W
1138,30,C,  6W,  3W,0E/W
1139,31,C,0E/W,  3E,  6E
1140,52,E,126E,129E,132E
1141,32,C,  6E,  9E, 12E
1142,53,E,132E,135E,138E
1143,33,C, 12E, 15E, 18E
1144,54,E,138E,141E,144E
1145,34,C, 18E, 21E, 24E
1146,55,E,144E,147E,150E
1147,35,C, 24E, 27E, 30E
1148,36,C, 30E, 33E, 36E
1149,56,E,150E,153E,156E
1150,57,E,156E,159E,162E
1151,58,E,162E,165E,168E
1152,37,C, 36E, 39E, 42E
1153,59,E,168E,171E,174E
1154,38,C, 42E, 45E, 48E
1155,39,C, 48E, 51E, 54E
1156,40,C, 54E, 57E, 60E
1157,60,E,174E,177E,180E
1158,41,C, 60E, 63E, 66E
1159,1,D,180W,177W,174W
1160,42,C, 66E, 69E, 72E
1161,2,D,174W,171W,168W
1162,43,C, 72E, 75E, 78E
1163,3,D,168W,165W,162W
1164,44,C, 78E, 81E, 84E
1165,4,D,162W,159W,156W
1166,45,C, 84E, 87E, 90E
1167,5,D,156W,153W,150W
1168,46,C, 90E, 93E, 96E
1169,6,D,150W,147W,144W
1170,47,C, 96E, 99E,102E
1171,7,D,144W,141W,138W
1172,48,C,102E,105E,108E
1173,49,C,108E,111E,114E
1174,50,C,114E,117E,120E
1175,8,D,138W,135W,132W
1176,51,C,120E,123E,126E
1177,52,C,126E,129E,132E
1178,9,D,132W,129W,126W
1179,10,D,126W,123W,120W
1180,53,C,132E,135E,138E
1181,11,D,120W,117W,114W
1182,54,C,138E,141E,144E
1183,55,C,144E,147E,150E
1184,12,D,114W,111W,108W
1185,56,C,150E,153E,156E
1186,13,D,108W,105W,102W
1187,14,D,102W, 99W, 96W
1188,57,C,156E,159E,162E
1189,58,C,162E,165E,168E
1190,15,D, 96W, 93W, 90W
1191,16,D, 90W, 87W, 84W
1192,59,C,168E,171E,174E
1193,60,C,174E,177E,180E
1194,17,D, 84W, 81W, 78W
1195,18,D, 78W, 75W, 72W
1196,0,A,NoZN,NoZN,NoZN
1197,19,D, 72W, 69W, 66W
1198,0,B,NoZN,NoZN,NoZN
1199,20,D, 66W, 63W, 60W
1200,21,D, 60W, 57W, 54W
1201,22,D, 54W, 51W, 48W
